residue,chain,frames_present,h_bond_frames,ch_o_n_frames,polar_vdw_frames,ch_pi_frames,proximal_only_frames,mean_bsa_a2
A2469,a,10,10,10,10,0,0,55.26
G2470,a,10,10,10,10,0,0,44.23
A2471,a,10,10,10,10,0,0,54.39
G2472,a,10,0,9,6,0,1,22.44
A2478,a,10,0,4,10,0,0,29.15
U2479,a,10,0,10,10,0,0,39.82
C2480,a,10,10,10,10,0,0,49.06
G2481,a,10,0,0,0,0,10,12.46
A2482,a,10,0,0,0,0,10,23.45
G2529,a,10,0,10,10,0,0,28.2
A2530,a,10,0,10,0,0,0,18.88
A2534,a,10,0,0,0,0,10,20.21
G2535,a,10,10,10,10,0,0,45.08
G2536,a,10,10,10,8,0,0,34.7
GLU47,l,10,0,0,0,0,10,1.84
ARG50,l,10,10,0,10,0,0,25.31
ARG51,l,10,0,10,10,10,0,56.19
THR54,l,10,0,0,10,0,0,2.52
ARG55,l,10,10,0,8,0,0,29.22
ARG59,l,10,10,0,10,0,0,32.05
